Bartosz;Z.;14351;kierowca;2010
Adam;K.;11206;magazynier;2012
Daniel;K.;33329;kierowca;2015
Jakub;D.;97858;ochroniarz;2015
Piotr;Z.;41523;kierowca;2019
Bartosz;K.;37785;magazynier;2012
Bartłomiej;L.;20008;sprzątacz;2012
Klaudia;K.;95339;sprzątacz;2011
Patryk;L.;48629;kierowca;2010
Krystian;M.;22751;sprzedawca;2012
Jakub;K.;70929;ochroniarz;2017
Konrad;K.;49806;magazynier;2015
Oskar;K.;27857;ochroniarz;2017
Jakub;K.;84149;kierowca;2011
Kamil;L.;79074;magazynier;2010
Wiktoria;N.;70742;sprzątacz;2017
Paulina;M.;30247;sprzedawca;2015
Kamil;K.;74537;ochroniarz;2013
Jakub;W.;43576;ochroniarz;2015
Maksymilian;P.;52996;sprzedawca;2010
Maciej;K.;33381;magazynier;2011
Kornelia;L.;84307;kierowca;2017
Michał;K.;54757;kierowca;2010
Wojciech;K.;20818;ochroniarz;2013
Michał;W.;74902;sprzedawca;2012
Daria;K.;98836;ochroniarz;2010
Paweł;K.;94173;magazynier;2013
Mikołaj;K.;66516;ochroniarz;2011
Julia;K.;55586;magazynier;2019
Paweł;D.;37079;magazynier;2015
Radosław;W.;38412;magazynier;2019
Jakub;W.;90944;sprzedawca;2010
Dawid;K.;72203;kierowca;2016
Aleksandra;W.;97816;magazynier;2016
Sebastian;W.;90447;sprzątacz;2018
Bartosz;K.;36093;magazynier;2018
Julia;P.;56537;kierowca;2011
Patrycja;N.;71013;sprzedawca;2019
Klaudia;K.;56716;kierowca;2018
Michał;W.;65450;sprzedawca;2018
Sandra;D.;75363;magazynier;2011
Rafał;M.;95861;sprzątacz;2016
Kacper;P.;70725;ochroniarz;2017
Barbara;K.;73075;sprzątacz;2011
Klaudia;L.;97976;sprzedawca;2018
Wiktoria;N.;51211;magazynier;2016
Dominik;K.;86642;kierowca;2010
Weronika;Z.;72053;magazynier;2013
Natalia;K.;21203;sprzątacz;2014
Julia;W.;19954;sprzedawca;2013
Julia;K.;14349;sprzedawca;2014
Konrad;W.;26932;magazynier;2010
Hubert;K.;20509;sprzedawca;2018
Patryk;K.;52568;magazynier;2012
Weronika;K.;23997;magazynier;2018
Dominik;K.;17923;ochroniarz;2011
Wiktoria;Z.;74610;kierowca;2012
Miłosz;D.;61941;manager;2012
Zuzanna;K.;37801;ochroniarz;2016
Filip;K.;27187;sprzątacz;2018
Patryk;N.;26944;manager;2014
Wiktoria;W.;33526;sprzedawca;2019
Zofia;D.;30737;sprzedawca;2018
Paulina;P.;16390;manager;2017
Karol;N.;24130;magazynier;2013
Kacper;W.;66966;kierowca;2016
Kacper;K.;97858;manager;2018
Wiktoria;N.;44365;sprzątacz;2010
Mateusz;K.;87978;sprzedawca;2010
Joanna;D.;25117;sprzedawca;2014
Patryk;K.;88898;magazynier;2010
Katarzyna;N.;70102;kierowca;2012
Paweł;N.;57150;kierowca;2014
Zuzanna;W.;24040;magazynier;2012
Kamila;K.;66062;sprzątacz;2019
Mateusz;W.;89008;kierowca;2014
Sandra;K.;10567;magazynier;2016
Kacper;Z.;76223;sprzedawca;2016
Natalia;L.;37585;kierowca;2019
Adrianna;W.;54263;sprzedawca;2017
Dominik;N.;12103;sprzątacz;2018
Oliwia;W.;64143;kierowca;2013
Mateusz;D.;36710;sprzedawca;2017
Marcel;K.;95773;manager;2019
Krystian;D.;46486;magazynier;2017
Gabriela;Z.;56261;sprzątacz;2015
Adam;W.;74295;sprzątacz;2010
Krystian;K.;93859;kierowca;2012
Karolina;G.;35764;sprzątacz;2010
Przemysław;K.;60156;kierowca;2013
Mateusz;K.;41338;kierowca;2014
Daniel;P.;91901;kierowca;2014
Piotr;W.;58154;sprzedawca;2019
Aleksandra;K.;54977;magazynier;2011
Kamil;W.;34447;sprzedawca;2010
Klaudia;N.;78554;kierowca;2019
Mikołaj;P.;78088;sprzedawca;2019
Paulina;D.;34122;ochroniarz;2019
Oliwia;S.;47063;magazynier;2013
Jakub;K.;13910;ochroniarz;2015
Martyna;W.;50373;sprzedawca;2014
Kacper;N.;44361;magazynier;2016
Klaudia;W.;72086;kierowca;2014
Karolina;L.;97894;sprzątacz;2011
Maksymilian;K.;81700;manager;2012
Patrycja;K.;35702;kierowca;2012
Dawid;K.;11371;kierowca;2016
Kacper;S.;84236;magazynier;2014
Konrad;D.;19018;sprzątacz;2013
Jakub;K.;49193;sprzedawca;2016
Adam;N.;51536;magazynier;2010
Klaudia;K.;62908;sprzątacz;2011
Patryk;K.;62612;kierowca;2019
Mateusz;K.;64670;magazynier;2019
Marcin;Z.;51942;sprzątacz;2010
Przemysław;K.;90962;sprzedawca;2013
Alicja;K.;78739;sprzątacz;2015
Dominik;K.;61122;sprzątacz;2016
Dominik;K.;61350;sprzedawca;2013
Michał;Z.;59778;sprzedawca;2019
Kamila;W.;85707;sprzątacz;2015
Julia;N.;87902;manager;2013
Dominik;N.;52395;magazynier;2017
Jan;Z.;59005;magazynier;2010
Wiktoria;K.;30299;sprzedawca;2011
Justyna;K.;62618;sprzedawca;2017
Wojciech;K.;95645;kierowca;2019
Daniel;K.;54242;kierowca;2016
Sebastian;K.;60462;sprzedawca;2015
Oliwia;K.;93078;kierowca;2018
Damian;N.;28476;magazynier;2014
Wiktoria;P.;25794;sprzątacz;2019
Dawid;K.;68375;sprzedawca;2019
Filip;K.;99914;sprzedawca;2016
Tomasz;W.;20537;kierowca;2012
Marcin;K.;13494;magazynier;2017
Martyna;N.;55924;kierowca;2017
Patrycja;D.;53604;magazynier;2012
Kacper;L.;28260;sprzedawca;2010
Natalia;M.;33776;ochroniarz;2013
Paulina;D.;21083;kierowca;2015
Kacper;D.;68826;sprzątacz;2017
Bartosz;M.;49870;ochroniarz;2013
Maciej;K.;26847;sprzątacz;2018
Mateusz;L.;74482;kierowca;2018
Dawid;J.;68746;kierowca;2019
Gabriela;N.;62986;magazynier;2015
Sandra;W.;82676;sprzedawca;2013
Aleksandra;W.;45551;magazynier;2011
Kornelia;K.;41329;sprzedawca;2015
Wiktor;Z.;71815;sprzątacz;2018
Dawid;W.;18463;manager;2015
Dominik;K.;86417;sprzątacz;2019
Marcelina;N.;13841;manager;2010
Szymon;K.;25053;kierowca;2014
Adrian;K.;45910;kierowca;2014
Patryk;K.;87394;ochroniarz;2017
Alicja;W.;22050;sprzątacz;2018
Kamila;K.;94305;ochroniarz;2018
Jakub;K.;10248;manager;2018
Jakub;J.;11062;kierowca;2017
Klaudia;W.;70404;magazynier;2016
Sara;M.;71248;sprzedawca;2016
Monika;W.;93397;sprzedawca;2011
Radosław;N.;29682;sprzedawca;2012
Agata;Z.;19739;magazynier;2015
Patrycja;K.;32639;sprzątacz;2018
Łukasz;Z.;36136;magazynier;2011
Hubert;K.;29490;magazynier;2012
Kamil;D.;38589;ochroniarz;2014
Martyna;P.;46206;kierowca;2014
Sylwia;K.;33572;sprzedawca;2010
Łukasz;K.;53290;magazynier;2018
Monika;K.;59081;sprzedawca;2017
Aleksandra;K.;51950;ochroniarz;2016
Wiktoria;N.;93361;ochroniarz;2016
Weronika;N.;29390;sprzedawca;2015
Natalia;K.;92070;sprzedawca;2013
Filip;K.;96840;kierowca;2014
Natalia;K.;15996;magazynier;2016
Daniel;L.;37151;kierowca;2019
Adam;K.;96701;kierowca;2014
Zuzanna;N.;44555;ochroniarz;2010
Aleksandra;K.;23435;magazynier;2014
Kacper;D.;63770;sprzątacz;2018
Agnieszka;L.;71037;magazynier;2014
Ewelina;K.;68960;kierowca;2018
Jakub;N.;75808;sprzedawca;2010
Paulina;D.;94939;sprzedawca;2018
Szymon;K.;78658;ochroniarz;2014
Dominik;K.;84305;sprzątacz;2012
Barbara;W.;40845;magazynier;2014
Szymon;W.;30199;kierowca;2012
Aleksandra;W.;53477;kierowca;2010
Aleksander;P.;45992;sprzedawca;2019
Mateusz;D.;18205;sprzedawca;2019
Mateusz;K.;56713;kierowca;2016
Oliwia;M.;80628;sprzedawca;2015
Wiktoria;K.;94742;magazynier;2011
Jakub;L.;29302;kierowca;2015
Hubert;Z.;75371;sprzątacz;2011
Sara;D.;56351;magazynier;2015
Patrycja;K.;48535;sprzedawca;2017
Mateusz;K.;23184;sprzątacz;2011
Paulina;K.;91486;kierowca;2013
Martyna;N.;87811;ochroniarz;2015
Damian;L.;57711;magazynier;2018
Piotr;K.;60370;kierowca;2016
Gabriela;J.;45073;sprzątacz;2011
Bartłomiej;W.;57392;manager;2011
Izabela;G.;40289;kierowca;2015
Izabela;N.;21573;kierowca;2015
Mateusz;K.;44181;sprzedawca;2011
Szymon;N.;70795;magazynier;2017
Dominik;K.;59966;ochroniarz;2019
Julia;K.;66328;magazynier;2017
Damian;L.;70077;kierowca;2019
Emilia;N.;64078;sprzedawca;2019
Mateusz;N.;57638;sprzedawca;2016
Łukasz;S.;49567;sprzedawca;2019
Zuzanna;S.;32873;kierowca;2014
Daniel;K.;40609;kierowca;2011
Sandra;K.;94457;kierowca;2019
Aleksandra;N.;42904;sprzątacz;2011
Maciej;W.;29845;kierowca;2017
Eryk;K.;70425;sprzedawca;2011
Michał;N.;66059;sprzedawca;2017
Paweł;W.;26186;sprzątacz;2019
Wiktoria;K.;28158;ochroniarz;2015
Mikołaj;K.;27604;kierowca;2018
Aleksandra;S.;76887;kierowca;2016
Ewelina;K.;91449;ochroniarz;2019
Kacper;Z.;61574;sprzedawca;2012
Karolina;K.;59388;sprzedawca;2017
Martyna;K.;62224;sprzedawca;2016
Daria;K.;95757;sprzedawca;2019
Marta;K.;60206;kierowca;2012
Patrycja;W.;11864;magazynier;2011
Jan;D.;79947;magazynier;2012
Patrycja;N.;80782;kierowca;2018
Maciej;D.;46698;manager;2014
Karolina;Z.;51672;sprzedawca;2012
Damian;Z.;77702;sprzątacz;2012
Łukasz;K.;51315;magazynier;2014
Jakub;D.;17784;magazynier;2014
Michał;N.;29229;sprzedawca;2019
Kamil;S.;87914;kierowca;2018
Paulina;L.;39763;magazynier;2014
Mateusz;K.;53920;kierowca;2011
Marcel;K.;84005;sprzedawca;2013
Konrad;J.;53227;kierowca;2010
Magdalena;K.;43681;manager;2013
Jakub;K.;75669;sprzątacz;2019
Julia;W.;55237;kierowca;2016
Filip;W.;43926;kierowca;2013
Kamila;D.;69429;sprzątacz;2019
Emilia;M.;74207;kierowca;2018
Maciej;S.;19209;magazynier;2015
Natalia;K.;27109;kierowca;2012
Filip;W.;72444;sprzedawca;2010
Sebastian;P.;27309;sprzedawca;2011
Patryk;K.;63636;sprzedawca;2013
Agata;K.;90332;magazynier;2018
Klaudia;K.;71146;sprzedawca;2010
Krystian;K.;67822;sprzedawca;2013
Nikola;N.;43194;kierowca;2010
Julia;G.;20604;kierowca;2013
Paulina;N.;60551;kierowca;2011
Natalia;Z.;18814;kierowca;2010
Karolina;K.;65860;magazynier;2018
Roksana;K.;56462;magazynier;2011
Kacper;N.;12322;manager;2019
Maja;M.;34928;magazynier;2013
Jakub;K.;79841;magazynier;2013
Jakub;N.;65141;kierowca;2012
Hubert;K.;39517;manager;2015
Aleksandra;L.;89186;sprzedawca;2010
Jakub;W.;68554;sprzedawca;2019
Ewa;D.;97288;magazynier;2019
Dawid;Z.;82503;sprzedawca;2016
Mateusz;K.;24041;kierowca;2012
Hubert;P.;61262;magazynier;2011
Martyna;W.;21962;kierowca;2014
Jakub;K.;57254;sprzedawca;2010
Zuzanna;K.;25331;sprzątacz;2018
Bartłomiej;K.;46969;sprzątacz;2016
Marcin;K.;12509;sprzedawca;2015
Natalia;D.;25796;magazynier;2015
Martyna;L.;77840;magazynier;2017
Katarzyna;N.;17403;magazynier;2016
Kamila;K.;99982;kierowca;2012
Jakub;W.;50072;sprzedawca;2014
Wiktoria;K.;28801;sprzedawca;2019
Wiktoria;K.;94355;kierowca;2014
Zuzanna;W.;16819;magazynier;2011
Nikodem;W.;92295;sprzątacz;2015
Patrycja;J.;60220;ochroniarz;2018
Sebastian;M.;36988;sprzątacz;2011
Aleksandra;W.;23826;kierowca;2017
Martyna;W.;92444;sprzątacz;2019
Dawid;K.;87276;magazynier;2019
Dominik;G.;11091;sprzedawca;2011
Aleksandra;S.;87835;sprzątacz;2017
Kamil;W.;53467;sprzątacz;2014
Adrianna;J.;16606;sprzedawca;2013
Sebastian;K.;92350;sprzątacz;2016
Sandra;N.;49130;ochroniarz;2017
Maja;K.;13689;sprzedawca;2014
Karolina;K.;32890;kierowca;2015
Weronika;K.;38047;sprzątacz;2015
Marek;K.;71583;sprzedawca;2015
Klaudia;W.;66089;kierowca;2018
Zofia;K.;26134;magazynier;2018
Alicja;K.;57394;kierowca;2016
Maciej;D.;46096;sprzątacz;2012
Adrian;K.;12420;magazynier;2010
Kinga;J.;52155;kierowca;2018
Maciej;S.;63784;sprzątacz;2018
Dawid;N.;26748;sprzątacz;2010
Zuzanna;N.;29098;sprzedawca;2018
Jakub;Z.;40935;kierowca;2017
Weronika;K.;71510;manager;2010
Kacper;W.;19882;sprzątacz;2010
Jakub;N.;87045;kierowca;2014
Julia;W.;52001;kierowca;2019
Gabriela;K.;56364;kierowca;2019
Paulina;L.;39450;sprzątacz;2016
Michał;L.;77073;ochroniarz;2017
Tomasz;K.;56177;sprzątacz;2015
Patryk;W.;50208;kierowca;2012
Bartosz;K.;37074;kierowca;2017
Jakub;K.;58488;sprzątacz;2011
Patrycja;K.;12272;sprzedawca;2010
Dominik;W.;95510;kierowca;2011
Paulina;Z.;77107;kierowca;2013
Norbert;G.;11590;sprzątacz;2017
Natalia;N.;71096;magazynier;2016
Krzysztof;K.;16358;magazynier;2014
Martyna;L.;26058;sprzedawca;2010
Martyna;K.;63899;sprzątacz;2016
Michał;K.;33417;kierowca;2012
Oliwia;W.;13635;kierowca;2014
Barbara;L.;97017;kierowca;2019
Angelika;K.;59633;sprzątacz;2010
Magdalena;G.;87640;sprzątacz;2013
Anna;D.;76765;ochroniarz;2015
Patryk;D.;52489;ochroniarz;2015
Ewelina;S.;95883;kierowca;2011
Monika;K.;93660;magazynier;2012
Kinga;K.;33816;kierowca;2016
Joanna;K.;55111;kierowca;2010
Jan;W.;68601;sprzątacz;2018
Angelika;Z.;45765;kierowca;2019
Tomasz;L.;22529;magazynier;2011
Paweł;K.;73322;magazynier;2019
Paweł;K.;22261;sprzątacz;2015
Wiktoria;W.;22523;ochroniarz;2011
Karol;K.;94896;sprzątacz;2015
Karol;G.;81951;magazynier;2017
Marcel;N.;42556;ochroniarz;2017
Igor;Z.;50864;manager;2011
Natalia;W.;33593;sprzątacz;2019
Kamil;K.;19577;sprzedawca;2013
Krzysztof;K.;90633;sprzedawca;2013
Łukasz;W.;27656;kierowca;2019
Kacper;K.;46157;magazynier;2015
Klaudia;M.;59033;kierowca;2015
Julia;D.;21399;kierowca;2013
Kinga;K.;30962;sprzątacz;2012
Zuzanna;D.;38214;kierowca;2019
Sara;K.;71378;ochroniarz;2016
Marcelina;K.;79671;magazynier;2014
Piotr;L.;29258;kierowca;2017
Patrycja;W.;30476;sprzedawca;2014
Klaudia;S.;67004;sprzedawca;2017
Mateusz;S.;24626;sprzedawca;2016
Michał;M.;48839;magazynier;2013
Adrian;Z.;71407;magazynier;2011
Aleksandra;K.;59874;kierowca;2017
Patryk;K.;58944;magazynier;2019
Aleksandra;L.;40772;sprzedawca;2015
Michał;P.;80833;sprzedawca;2017
Szymon;M.;78707;kierowca;2017
Gabriela;W.;34758;kierowca;2018
Aleksandra;K.;44891;sprzedawca;2013
Jakub;J.;84496;kierowca;2011
Adrian;N.;72399;magazynier;2015
Jakub;K.;34041;sprzątacz;2019
Dawid;K.;70336;magazynier;2014
Jakub;S.;81886;kierowca;2019
Mikołaj;D.;55067;magazynier;2014
Bartosz;Z.;31052;ochroniarz;2018
Zuzanna;K.;53929;kierowca;2019
Daniel;K.;71614;magazynier;2018
Kinga;S.;27088;magazynier;2010
Kamila;W.;52087;magazynier;2015
Mateusz;M.;72835;kierowca;2013
Kacper;M.;97898;kierowca;2017
Sandra;J.;28360;kierowca;2018
Wiktoria;D.;45547;magazynier;2018
Małgorzata;K.;36319;sprzątacz;2013
Igor;W.;97494;kierowca;2011
Konrad;W.;49038;manager;2010
Mateusz;Z.;28134;magazynier;2016
Karol;Z.;64108;magazynier;2013
Aleksandra;K.;23679;kierowca;2016
Julia;N.;50844;magazynier;2015
Martyna;W.;79782;kierowca;2018
Daniel;W.;84148;kierowca;2019
Wiktoria;K.;41983;magazynier;2016
Aleksandra;K.;61018;sprzedawca;2018
Kacper;P.;91731;magazynier;2013
Dawid;D.;59096;kierowca;2013
Wiktoria;K.;96250;magazynier;2010
Tomasz;N.;24193;kierowca;2012
Wiktoria;W.;82043;kierowca;2011
Wiktoria;N.;46537;magazynier;2017
Julia;K.;18242;sprzedawca;2012
Mateusz;K.;28477;sprzątacz;2013
Hubert;N.;63851;ochroniarz;2018
Adrian;K.;99190;kierowca;2010
Weronika;N.;59989;manager;2014
Wiktoria;P.;42698;kierowca;2014
